,taxonomy_code,grouping,classification,specialization
0,193200000X,Group,Multi-Specialty,
1,193400000X,Group,Single Specialty,
2,207K00000X,Allopathic & Osteopathic Physicians,Allergy & Immunology,
3,207KA0200X,Allopathic & Osteopathic Physicians,Allergy & Immunology,Allergy
4,207KI0005X,Allopathic & Osteopathic Physicians,Allergy & Immunology,Clinical & Laboratory Immunology
5,207L00000X,Allopathic & Osteopathic Physicians,Anesthesiology,
6,207LA0401X,Allopathic & Osteopathic Physicians,Anesthesiology,Addiction Medicine
7,207LC0200X,Allopathic & Osteopathic Physicians,Anesthesiology,Critical Care Medicine
8,207LH0002X,Allopathic & Osteopathic Physicians,Anesthesiology,Hospice and Palliative Medicine
9,207LP2900X,Allopathic & Osteopathic Physicians,Anesthesiology,Pain Medicine
10,207LP3000X,Allopathic & Osteopathic Physicians,Anesthesiology,Pediatric Anesthesiology
11,208U00000X,Allopathic & Osteopathic Physicians,Clinical Pharmacology,
12,208C00000X,Allopathic & Osteopathic Physicians,Colon & Rectal Surgery,
13,207N00000X,Allopathic & Osteopathic Physicians,Dermatology,
14,207NI0002X,Allopathic & Osteopathic Physicians,Dermatology,Clinical & Laboratory Dermatological Immunology
15,207ND0900X,Allopathic & Osteopathic Physicians,Dermatology,Dermatopathology
16,207ND0101X,Allopathic & Osteopathic Physicians,Dermatology,MOHS-Micrographic Surgery
17,207NP0225X,Allopathic & Osteopathic Physicians,Dermatology,Pediatric Dermatology
18,207NS0135X,Allopathic & Osteopathic Physicians,Dermatology,Procedural Dermatology
19,204R00000X,Allopathic & Osteopathic Physicians,Electrodiagnostic Medicine,
20,207P00000X,Allopathic & Osteopathic Physicians,Emergency Medicine,
21,207PE0004X,Allopathic & Osteopathic Physicians,Emergency Medicine,Emergency Medical Services
22,207PH0002X,Allopathic & Osteopathic Physicians,Emergency Medicine,Hospice and Palliative Medicine
23,207PT0002X,Allopathic & Osteopathic Physicians,Emergency Medicine,Medical Toxicology
24,207PP0204X,Allopathic & Osteopathic Physicians,Emergency Medicine,Pediatric Emergency Medicine
25,207PS0010X,Allopathic & Osteopathic Physicians,Emergency Medicine,Sports Medicine
26,207PE0005X,Allopathic & Osteopathic Physicians,Emergency Medicine,Undersea and Hyperbaric Medicine
27,207Q00000X,Allopathic & Osteopathic Physicians,Family Medicine,
28,207QA0401X,Allopathic & Osteopathic Physicians,Family Medicine,Addiction Medicine
29,207QA0000X,Allopathic & Osteopathic Physicians,Family Medicine,Adolescent Medicine
30,207QA0505X,Allopathic & Osteopathic Physicians,Family Medicine,Adult Medicine
31,207QG0300X,Allopathic & Osteopathic Physicians,Family Medicine,Geriatric Medicine
32,207QH0002X,Allopathic & Osteopathic Physicians,Family Medicine,Hospice and Palliative Medicine
33,207QB0002X,Allopathic & Osteopathic Physicians,Family Medicine,Obesity Medicine
34,207QS1201X,Allopathic & Osteopathic Physicians,Family Medicine,Sleep Medicine
35,207QS0010X,Allopathic & Osteopathic Physicians,Family Medicine,Sports Medicine
36,208D00000X,Allopathic & Osteopathic Physicians,General Practice,
37,208M00000X,Allopathic & Osteopathic Physicians,Hospitalist,
38,202C00000X,Allopathic & Osteopathic Physicians,Independent Medical Examiner,
39,207R00000X,Allopathic & Osteopathic Physicians,Internal Medicine,
40,207RA0401X,Allopathic & Osteopathic Physicians,Internal Medicine,Addiction Medicine
41,207RA0000X,Allopathic & Osteopathic Physicians,Internal Medicine,Adolescent Medicine
42,207RA0002X,Allopathic & Osteopathic Physicians,Internal Medicine,Adult Congenital Heart Disease
43,207RA0001X,Allopathic & Osteopathic Physicians,Internal Medicine,Advanced Heart Failure and Transplant Cardiology
44,207RA0201X,Allopathic & Osteopathic Physicians,Internal Medicine,Allergy & Immunology
45,207RC0000X,Allopathic & Osteopathic Physicians,Internal Medicine,Cardiovascular Disease
46,207RI0001X,Allopathic & Osteopathic Physicians,Internal Medicine,Clinical & Laboratory Immunology
47,207RC0001X,Allopathic & Osteopathic Physicians,Internal Medicine,Clinical Cardiac Electrophysiology
48,207RC0200X,Allopathic & Osteopathic Physicians,Internal Medicine,Critical Care Medicine
49,207RE0101X,Allopathic & Osteopathic Physicians,Internal Medicine,"Endocrinology, Diabetes & Metabolism"
50,207RG0100X,Allopathic & Osteopathic Physicians,Internal Medicine,Gastroenterology
51,207RG0300X,Allopathic & Osteopathic Physicians,Internal Medicine,Geriatric Medicine
52,207RH0000X,Allopathic & Osteopathic Physicians,Internal Medicine,Hematology
53,207RH0003X,Allopathic & Osteopathic Physicians,Internal Medicine,Hematology & Oncology
54,207RI0008X,Allopathic & Osteopathic Physicians,Internal Medicine,Hepatology
55,207RH0002X,Allopathic & Osteopathic Physicians,Internal Medicine,Hospice and Palliative Medicine
56,207RH0005X,Allopathic & Osteopathic Physicians,Internal Medicine,Hypertension Specialist
57,207RI0200X,Allopathic & Osteopathic Physicians,Internal Medicine,Infectious Disease
58,207RI0011X,Allopathic & Osteopathic Physicians,Internal Medicine,Interventional Cardiology
59,207RM1200X,Allopathic & Osteopathic Physicians,Internal Medicine,Magnetic Resonance Imaging (MRI)
60,207RX0202X,Allopathic & Osteopathic Physicians,Internal Medicine,Medical Oncology
61,207RN0300X,Allopathic & Osteopathic Physicians,Internal Medicine,Nephrology
62,207RB0002X,Allopathic & Osteopathic Physicians,Internal Medicine,Obesity Medicine
63,207RP1001X,Allopathic & Osteopathic Physicians,Internal Medicine,Pulmonary Disease
64,207RR0500X,Allopathic & Osteopathic Physicians,Internal Medicine,Rheumatology
65,207RS0012X,Allopathic & Osteopathic Physicians,Internal Medicine,Sleep Medicine
66,207RS0010X,Allopathic & Osteopathic Physicians,Internal Medicine,Sports Medicine
67,207RT0003X,Allopathic & Osteopathic Physicians,Internal Medicine,Transplant Hepatology
68,209800000X,Allopathic & Osteopathic Physicians,Legal Medicine,
69,207SG0202X,Allopathic & Osteopathic Physicians,Medical Genetics,Clinical Biochemical Genetics
70,207SC0300X,Allopathic & Osteopathic Physicians,Medical Genetics,Clinical Cytogenetics
71,207SG0201X,Allopathic & Osteopathic Physicians,Medical Genetics,Clinical Genetics (M.D.)
72,207SG0203X,Allopathic & Osteopathic Physicians,Medical Genetics,Clinical Molecular Genetics
73,207SM0001X,Allopathic & Osteopathic Physicians,Medical Genetics,Molecular Genetic Pathology
74,207SG0205X,Allopathic & Osteopathic Physicians,Medical Genetics,Ph.D. Medical Genetics
75,207T00000X,Allopathic & Osteopathic Physicians,Neurological Surgery,
76,204D00000X,Allopathic & Osteopathic Physicians,Neuromusculoskeletal Medicine & OMM,
77,204C00000X,Allopathic & Osteopathic Physicians,"Neuromusculoskeletal Medicine, Sports Medicine",
78,207U00000X,Allopathic & Osteopathic Physicians,Nuclear Medicine,
79,207UN0903X,Allopathic & Osteopathic Physicians,Nuclear Medicine,In Vivo & In Vitro Nuclear Medicine
80,207UN0901X,Allopathic & Osteopathic Physicians,Nuclear Medicine,Nuclear Cardiology
81,207UN0902X,Allopathic & Osteopathic Physicians,Nuclear Medicine,Nuclear Imaging & Therapy
82,207V00000X,Allopathic & Osteopathic Physicians,Obstetrics & Gynecology,
83,207VC0200X,Allopathic & Osteopathic Physicians,Obstetrics & Gynecology,Critical Care Medicine
84,207VF0040X,Allopathic & Osteopathic Physicians,Obstetrics & Gynecology,Female Pelvic Medicine and Reconstructive Surgery
85,207VX0201X,Allopathic & Osteopathic Physicians,Obstetrics & Gynecology,Gynecologic Oncology
86,207VG0400X,Allopathic & Osteopathic Physicians,Obstetrics & Gynecology,Gynecology
87,207VH0002X,Allopathic & Osteopathic Physicians,Obstetrics & Gynecology,Hospice and Palliative Medicine
88,207VM0101X,Allopathic & Osteopathic Physicians,Obstetrics & Gynecology,Maternal & Fetal Medicine
89,207VB0002X,Allopathic & Osteopathic Physicians,Obstetrics & Gynecology,Obesity Medicine
90,207VX0000X,Allopathic & Osteopathic Physicians,Obstetrics & Gynecology,Obstetrics
91,207VE0102X,Allopathic & Osteopathic Physicians,Obstetrics & Gynecology,Reproductive Endocrinology
92,207W00000X,Allopathic & Osteopathic Physicians,Ophthalmology,
93,207WX0120X,Allopathic & Osteopathic Physicians,Ophthalmology,Cornea and External Diseases Specialist
94,207WX0009X,Allopathic & Osteopathic Physicians,Ophthalmology,Glaucoma Specialist
95,207WX0109X,Allopathic & Osteopathic Physicians,Ophthalmology,Neuro-ophthalmology
96,207WX0200X,Allopathic & Osteopathic Physicians,Ophthalmology,Ophthalmic Plastic and Reconstructive Surgery
97,207WX0110X,Allopathic & Osteopathic Physicians,Ophthalmology,Pediatric Ophthalmology and Strabismus Specialist
98,207WX0107X,Allopathic & Osteopathic Physicians,Ophthalmology,Retina Specialist
99,207WX0108X,Allopathic & Osteopathic Physicians,Ophthalmology,Uveitis and Ocular Inflammatory Disease
100,204E00000X,Allopathic & Osteopathic Physicians,Oral & Maxillofacial Surgery,
101,207X00000X,Allopathic & Osteopathic Physicians,Orthopaedic Surgery,
102,207XS0114X,Allopathic & Osteopathic Physicians,Orthopaedic Surgery,Adult Reconstructive Orthopaedic Surgery
103,207XX0004X,Allopathic & Osteopathic Physicians,Orthopaedic Surgery,Foot and Ankle Surgery
104,207XS0106X,Allopathic & Osteopathic Physicians,Orthopaedic Surgery,Hand Surgery
105,207XS0117X,Allopathic & Osteopathic Physicians,Orthopaedic Surgery,Orthopaedic Surgery of the Spine
106,207XX0801X,Allopathic & Osteopathic Physicians,Orthopaedic Surgery,Orthopaedic Trauma
107,207XP3100X,Allopathic & Osteopathic Physicians,Orthopaedic Surgery,Pediatric Orthopaedic Surgery
108,207XX0005X,Allopathic & Osteopathic Physicians,Orthopaedic Surgery,Sports Medicine
109,207Y00000X,Allopathic & Osteopathic Physicians,Otolaryngology,
110,207YS0123X,Allopathic & Osteopathic Physicians,Otolaryngology,Facial Plastic Surgery
111,207YX0602X,Allopathic & Osteopathic Physicians,Otolaryngology,Otolaryngic Allergy
112,207YX0905X,Allopathic & Osteopathic Physicians,Otolaryngology,Otolaryngology/Facial Plastic Surgery
113,207YX0901X,Allopathic & Osteopathic Physicians,Otolaryngology,Otology & Neurotology
114,207YP0228X,Allopathic & Osteopathic Physicians,Otolaryngology,Pediatric Otolaryngology
115,207YX0007X,Allopathic & Osteopathic Physicians,Otolaryngology,Plastic Surgery within the Head & Neck
116,207YS0012X,Allopathic & Osteopathic Physicians,Otolaryngology,Sleep Medicine
117,208VP0014X,Allopathic & Osteopathic Physicians,Pain Medicine,Interventional Pain Medicine
118,208VP0000X,Allopathic & Osteopathic Physicians,Pain Medicine,Pain Medicine
119,207ZP0101X,Allopathic & Osteopathic Physicians,Pathology,Anatomic Pathology
120,207ZP0102X,Allopathic & Osteopathic Physicians,Pathology,Anatomic Pathology & Clinical Pathology
121,207ZB0001X,Allopathic & Osteopathic Physicians,Pathology,Blood Banking & Transfusion Medicine
122,207ZP0104X,Allopathic & Osteopathic Physicians,Pathology,Chemical Pathology
123,207ZC0008X,Allopathic & Osteopathic Physicians,Pathology,Clinical Informatics
124,207ZC0006X,Allopathic & Osteopathic Physicians,Pathology,Clinical Pathology
125,207ZP0105X,Allopathic & Osteopathic Physicians,Pathology,Clinical Pathology/Laboratory Medicine
126,207ZC0500X,Allopathic & Osteopathic Physicians,Pathology,Cytopathology
127,207ZD0900X,Allopathic & Osteopathic Physicians,Pathology,Dermatopathology
128,207ZF0201X,Allopathic & Osteopathic Physicians,Pathology,Forensic Pathology
129,207ZH0000X,Allopathic & Osteopathic Physicians,Pathology,Hematology
130,207ZI0100X,Allopathic & Osteopathic Physicians,Pathology,Immunopathology
131,207ZM0300X,Allopathic & Osteopathic Physicians,Pathology,Medical Microbiology
132,207ZP0007X,Allopathic & Osteopathic Physicians,Pathology,Molecular Genetic Pathology
133,207ZN0500X,Allopathic & Osteopathic Physicians,Pathology,Neuropathology
134,207ZP0213X,Allopathic & Osteopathic Physicians,Pathology,Pediatric Pathology
135,208000000X,Allopathic & Osteopathic Physicians,Pediatrics,
136,2080A0000X,Allopathic & Osteopathic Physicians,Pediatrics,Adolescent Medicine
137,2080C0008X,Allopathic & Osteopathic Physicians,Pediatrics,Child Abuse Pediatrics
138,2080I0007X,Allopathic & Osteopathic Physicians,Pediatrics,Clinical & Laboratory Immunology
139,2080P0006X,Allopathic & Osteopathic Physicians,Pediatrics,Developmental - Behavioral Pediatrics
140,2080H0002X,Allopathic & Osteopathic Physicians,Pediatrics,Hospice and Palliative Medicine
141,2080T0002X,Allopathic & Osteopathic Physicians,Pediatrics,Medical Toxicology
142,2080N0001X,Allopathic & Osteopathic Physicians,Pediatrics,Neonatal-Perinatal Medicine
143,2080P0008X,Allopathic & Osteopathic Physicians,Pediatrics,Neurodevelopmental Disabilities
144,2080B0002X,Allopathic & Osteopathic Physicians,Pediatrics,Obesity Medicine
145,2080P0201X,Allopathic & Osteopathic Physicians,Pediatrics,Pediatric Allergy/Immunology
146,2080P0202X,Allopathic & Osteopathic Physicians,Pediatrics,Pediatric Cardiology
147,2080P0203X,Allopathic & Osteopathic Physicians,Pediatrics,Pediatric Critical Care Medicine
148,2080P0204X,Allopathic & Osteopathic Physicians,Pediatrics,Pediatric Emergency Medicine
149,2080P0205X,Allopathic & Osteopathic Physicians,Pediatrics,Pediatric Endocrinology
150,2080P0206X,Allopathic & Osteopathic Physicians,Pediatrics,Pediatric Gastroenterology
151,2080P0207X,Allopathic & Osteopathic Physicians,Pediatrics,Pediatric Hematology-Oncology
152,2080P0208X,Allopathic & Osteopathic Physicians,Pediatrics,Pediatric Infectious Diseases
153,2080P0210X,Allopathic & Osteopathic Physicians,Pediatrics,Pediatric Nephrology
154,2080P0214X,Allopathic & Osteopathic Physicians,Pediatrics,Pediatric Pulmonology
155,2080P0216X,Allopathic & Osteopathic Physicians,Pediatrics,Pediatric Rheumatology
156,2080T0004X,Allopathic & Osteopathic Physicians,Pediatrics,Pediatric Transplant Hepatology
157,2080S0012X,Allopathic & Osteopathic Physicians,Pediatrics,Sleep Medicine
158,2080S0010X,Allopathic & Osteopathic Physicians,Pediatrics,Sports Medicine
159,202K00000X,Allopathic & Osteopathic Physicians,Phlebology,
160,208100000X,Allopathic & Osteopathic Physicians,Physical Medicine & Rehabilitation,
161,2081P0301X,Allopathic & Osteopathic Physicians,Physical Medicine & Rehabilitation,Brain Injury Medicine
162,2081H0002X,Allopathic & Osteopathic Physicians,Physical Medicine & Rehabilitation,Hospice and Palliative Medicine
163,2081N0008X,Allopathic & Osteopathic Physicians,Physical Medicine & Rehabilitation,Neuromuscular Medicine
164,2081P2900X,Allopathic & Osteopathic Physicians,Physical Medicine & Rehabilitation,Pain Medicine
165,2081P0010X,Allopathic & Osteopathic Physicians,Physical Medicine & Rehabilitation,Pediatric Rehabilitation Medicine
166,2081P0004X,Allopathic & Osteopathic Physicians,Physical Medicine & Rehabilitation,Spinal Cord Injury Medicine
167,2081S0010X,Allopathic & Osteopathic Physicians,Physical Medicine & Rehabilitation,Sports Medicine
168,208200000X,Allopathic & Osteopathic Physicians,Plastic Surgery,
169,2082S0099X,Allopathic & Osteopathic Physicians,Plastic Surgery,Plastic Surgery Within the Head and Neck
170,2082S0105X,Allopathic & Osteopathic Physicians,Plastic Surgery,Surgery of the Hand
171,2083A0300X,Allopathic & Osteopathic Physicians,Preventive Medicine,Addiction Medicine
172,2083A0100X,Allopathic & Osteopathic Physicians,Preventive Medicine,Aerospace Medicine
173,2083C0008X,Allopathic & Osteopathic Physicians,Preventive Medicine,Clinical Informatics
174,2083T0002X,Allopathic & Osteopathic Physicians,Preventive Medicine,Medical Toxicology
175,2083B0002X,Allopathic & Osteopathic Physicians,Preventive Medicine,Obesity Medicine
176,2083X0100X,Allopathic & Osteopathic Physicians,Preventive Medicine,Occupational Medicine
177,2083P0500X,Allopathic & Osteopathic Physicians,Preventive Medicine,Preventive Medicine/Occupational Environmental Medicine
178,2083P0901X,Allopathic & Osteopathic Physicians,Preventive Medicine,Public Health & General Preventive Medicine
179,2083S0010X,Allopathic & Osteopathic Physicians,Preventive Medicine,Sports Medicine
180,2083P0011X,Allopathic & Osteopathic Physicians,Preventive Medicine,Undersea and Hyperbaric Medicine
181,2084A0401X,Allopathic & Osteopathic Physicians,Psychiatry & Neurology,Addiction Medicine
182,2084P0802X,Allopathic & Osteopathic Physicians,Psychiatry & Neurology,Addiction Psychiatry
183,2084B0040X,Allopathic & Osteopathic Physicians,Psychiatry & Neurology,Behavioral Neurology & Neuropsychiatry
184,2084P0301X,Allopathic & Osteopathic Physicians,Psychiatry & Neurology,Brain Injury Medicine
185,2084P0804X,Allopathic & Osteopathic Physicians,Psychiatry & Neurology,Child & Adolescent Psychiatry
186,2084N0600X,Allopathic & Osteopathic Physicians,Psychiatry & Neurology,Clinical Neurophysiology
187,2084D0003X,Allopathic & Osteopathic Physicians,Psychiatry & Neurology,Diagnostic Neuroimaging
188,2084F0202X,Allopathic & Osteopathic Physicians,Psychiatry & Neurology,Forensic Psychiatry
189,2084P0805X,Allopathic & Osteopathic Physicians,Psychiatry & Neurology,Geriatric Psychiatry
190,2084H0002X,Allopathic & Osteopathic Physicians,Psychiatry & Neurology,Hospice and Palliative Medicine
191,2084A2900X,Allopathic & Osteopathic Physicians,Psychiatry & Neurology,Neurocritical Care
192,2084P0005X,Allopathic & Osteopathic Physicians,Psychiatry & Neurology,Neurodevelopmental Disabilities
193,2084N0400X,Allopathic & Osteopathic Physicians,Psychiatry & Neurology,Neurology
194,2084N0402X,Allopathic & Osteopathic Physicians,Psychiatry & Neurology,Neurology with Special Qualifications in Child Neurology
195,2084N0008X,Allopathic & Osteopathic Physicians,Psychiatry & Neurology,Neuromuscular Medicine
196,2084B0002X,Allopathic & Osteopathic Physicians,Psychiatry & Neurology,Obesity Medicine
197,2084P2900X,Allopathic & Osteopathic Physicians,Psychiatry & Neurology,Pain Medicine
198,2084P0800X,Allopathic & Osteopathic Physicians,Psychiatry & Neurology,Psychiatry
199,2084P0015X,Allopathic & Osteopathic Physicians,Psychiatry & Neurology,Psychosomatic Medicine
200,2084S0012X,Allopathic & Osteopathic Physicians,Psychiatry & Neurology,Sleep Medicine
201,2084S0010X,Allopathic & Osteopathic Physicians,Psychiatry & Neurology,Sports Medicine
202,2084V0102X,Allopathic & Osteopathic Physicians,Psychiatry & Neurology,Vascular Neurology
203,2085B0100X,Allopathic & Osteopathic Physicians,Radiology,Body Imaging
204,2085D0003X,Allopathic & Osteopathic Physicians,Radiology,Diagnostic Neuroimaging
205,2085R0202X,Allopathic & Osteopathic Physicians,Radiology,Diagnostic Radiology
206,2085U0001X,Allopathic & Osteopathic Physicians,Radiology,Diagnostic Ultrasound
207,2085H0002X,Allopathic & Osteopathic Physicians,Radiology,Hospice and Palliative Medicine
208,2085N0700X,Allopathic & Osteopathic Physicians,Radiology,Neuroradiology
209,2085N0904X,Allopathic & Osteopathic Physicians,Radiology,Nuclear Radiology
210,2085P0229X,Allopathic & Osteopathic Physicians,Radiology,Pediatric Radiology
211,2085R0001X,Allopathic & Osteopathic Physicians,Radiology,Radiation Oncology
212,2085R0205X,Allopathic & Osteopathic Physicians,Radiology,Radiological Physics
213,2085R0203X,Allopathic & Osteopathic Physicians,Radiology,Therapeutic Radiology
214,2085R0204X,Allopathic & Osteopathic Physicians,Radiology,Vascular & Interventional Radiology
215,208600000X,Allopathic & Osteopathic Physicians,Surgery,
216,2086H0002X,Allopathic & Osteopathic Physicians,Surgery,Hospice and Palliative Medicine
217,2086S0120X,Allopathic & Osteopathic Physicians,Surgery,Pediatric Surgery
218,2086S0122X,Allopathic & Osteopathic Physicians,Surgery,Plastic and Reconstructive Surgery
219,2086S0105X,Allopathic & Osteopathic Physicians,Surgery,Surgery of the Hand
220,2086S0102X,Allopathic & Osteopathic Physicians,Surgery,Surgical Critical Care
221,2086X0206X,Allopathic & Osteopathic Physicians,Surgery,Surgical Oncology
222,2086S0127X,Allopathic & Osteopathic Physicians,Surgery,Trauma Surgery
223,2086S0129X,Allopathic & Osteopathic Physicians,Surgery,Vascular Surgery
224,208G00000X,Allopathic & Osteopathic Physicians,Thoracic Surgery (Cardiothoracic Vascular Surgery),
225,204F00000X,Allopathic & Osteopathic Physicians,Transplant Surgery,
226,208800000X,Allopathic & Osteopathic Physicians,Urology,
227,2088F0040X,Allopathic & Osteopathic Physicians,Urology,Female Pelvic Medicine and Reconstructive Surgery
228,2088P0231X,Allopathic & Osteopathic Physicians,Urology,Pediatric Urology
229,106E00000X,Behavioral Health & Social Service Providers,Assistant Behavior Analyst,
230,106S00000X,Behavioral Health & Social Service Providers,Behavior Technician,
231,103K00000X,Behavioral Health & Social Service Providers,Behavior Analyst,
232,103G00000X,Behavioral Health & Social Service Providers,Clinical Neuropsychologist,
233,103GC0700X,Behavioral Health & Social Service Providers,Clinical Neuropsychologist,Clinical
234,101Y00000X,Behavioral Health & Social Service Providers,Counselor,
235,101YA0400X,Behavioral Health & Social Service Providers,Counselor,Addiction (Substance Use Disorder)
236,101YM0800X,Behavioral Health & Social Service Providers,Counselor,Mental Health
237,101YP1600X,Behavioral Health & Social Service Providers,Counselor,Pastoral
238,101YP2500X,Behavioral Health & Social Service Providers,Counselor,Professional
239,101YS0200X,Behavioral Health & Social Service Providers,Counselor,School
240,101200000X,Behavioral Health & Social Service Providers,Drama Therapist,
241,106H00000X,Behavioral Health & Social Service Providers,Marriage & Family Therapist,
242,102X00000X,Behavioral Health & Social Service Providers,Poetry Therapist,
243,102L00000X,Behavioral Health & Social Service Providers,Psychoanalyst,
244,103T00000X,Behavioral Health & Social Service Providers,Psychologist,
245,103TA0400X,Behavioral Health & Social Service Providers,Psychologist,Addiction (Substance Use Disorder)
246,103TA0700X,Behavioral Health & Social Service Providers,Psychologist,Adult Development & Aging
247,103TC0700X,Behavioral Health & Social Service Providers,Psychologist,Clinical
248,103TC2200X,Behavioral Health & Social Service Providers,Psychologist,Clinical Child & Adolescent
249,103TB0200X,Behavioral Health & Social Service Providers,Psychologist,Cognitive & Behavioral
250,103TC1900X,Behavioral Health & Social Service Providers,Psychologist,Counseling
251,103TE1000X,Behavioral Health & Social Service Providers,Psychologist,Educational
252,103TE1100X,Behavioral Health & Social Service Providers,Psychologist,Exercise & Sports
253,103TF0000X,Behavioral Health & Social Service Providers,Psychologist,Family
254,103TF0200X,Behavioral Health & Social Service Providers,Psychologist,Forensic
255,103TP2701X,Behavioral Health & Social Service Providers,Psychologist,Group Psychotherapy
256,103TH0004X,Behavioral Health & Social Service Providers,Psychologist,Health
257,103TH0100X,Behavioral Health & Social Service Providers,Psychologist,Health Service
258,103TM1700X,Behavioral Health & Social Service Providers,Psychologist,Men & Masculinity
259,103TM1800X,Behavioral Health & Social Service Providers,Psychologist,Intellectual & Developmental Disabilities
260,103TP0016X,Behavioral Health & Social Service Providers,Psychologist,Prescribing (Medical)
261,103TP0814X,Behavioral Health & Social Service Providers,Psychologist,Psychoanalysis
262,103TP2700X,Behavioral Health & Social Service Providers,Psychologist,Psychotherapy
263,103TR0400X,Behavioral Health & Social Service Providers,Psychologist,Rehabilitation
264,103TS0200X,Behavioral Health & Social Service Providers,Psychologist,School
265,103TW0100X,Behavioral Health & Social Service Providers,Psychologist,Women
266,104100000X,Behavioral Health & Social Service Providers,Social Worker,
267,1041C0700X,Behavioral Health & Social Service Providers,Social Worker,Clinical
268,1041S0200X,Behavioral Health & Social Service Providers,Social Worker,School
269,111N00000X,Chiropractic Providers,Chiropractor,
270,111NI0013X,Chiropractic Providers,Chiropractor,Independent Medical Examiner
271,111NI0900X,Chiropractic Providers,Chiropractor,Internist
272,111NN0400X,Chiropractic Providers,Chiropractor,Neurology
273,111NN1001X,Chiropractic Providers,Chiropractor,Nutrition
274,111NX0100X,Chiropractic Providers,Chiropractor,Occupational Health
275,111NX0800X,Chiropractic Providers,Chiropractor,Orthopedic
276,111NP0017X,Chiropractic Providers,Chiropractor,Pediatric Chiropractor
277,111NR0200X,Chiropractic Providers,Chiropractor,Radiology
278,111NR0400X,Chiropractic Providers,Chiropractor,Rehabilitation
279,111NS0005X,Chiropractic Providers,Chiropractor,Sports Physician
280,111NT0100X,Chiropractic Providers,Chiropractor,Thermography
281,125K00000X,Dental Providers,Advanced Practice Dental Therapist,
282,126800000X,Dental Providers,Dental Assistant,
283,124Q00000X,Dental Providers,Dental Hygienist,
284,126900000X,Dental Providers,Dental Laboratory Technician,
285,125J00000X,Dental Providers,Dental Therapist,
286,122300000X,Dental Providers,Dentist,
287,1223D0001X,Dental Providers,Dentist,Dental Public Health
288,1223D0004X,Dental Providers,Dentist,Dentist Anesthesiologist
289,1223E0200X,Dental Providers,Dentist,Endodontics
290,1223G0001X,Dental Providers,Dentist,General Practice
291,1223P0106X,Dental Providers,Dentist,Oral and Maxillofacial Pathology
292,1223X0008X,Dental Providers,Dentist,Oral and Maxillofacial Radiology
293,1223S0112X,Dental Providers,Dentist,Oral and Maxillofacial Surgery
294,1223X2210X,Dental Providers,Dentist,Orofacial Pain
295,1223X0400X,Dental Providers,Dentist,Orthodontics and Dentofacial Orthopedics
296,1223P0221X,Dental Providers,Dentist,Pediatric Dentistry
297,1223P0300X,Dental Providers,Dentist,Periodontics
298,1223P0700X,Dental Providers,Dentist,Prosthodontics
299,122400000X,Dental Providers,Denturist,
300,125Q00000X,Dental Providers,Oral Medicinist,
301,132700000X,Dietary & Nutritional Service Providers,Dietary Manager,
302,136A00000X,Dietary & Nutritional Service Providers,"Dietetic Technician, Registered",
303,133V00000X,Dietary & Nutritional Service Providers,"Dietitian, Registered",
304,133VN1101X,Dietary & Nutritional Service Providers,"Dietitian, Registered","Nutrition, Gerontological"
305,133VN1006X,Dietary & Nutritional Service Providers,"Dietitian, Registered","Nutrition, Metabolic"
306,133VN1201X,Dietary & Nutritional Service Providers,"Dietitian, Registered","Nutrition, Obesity and Weight Management"
307,133VN1301X,Dietary & Nutritional Service Providers,"Dietitian, Registered","Nutrition, Oncology"
308,133VN1004X,Dietary & Nutritional Service Providers,"Dietitian, Registered","Nutrition, Pediatric"
309,133VN1401X,Dietary & Nutritional Service Providers,"Dietitian, Registered","Nutrition, Pediatric Critical Care"
310,133VN1005X,Dietary & Nutritional Service Providers,"Dietitian, Registered","Nutrition, Renal"
311,133VN1501X,Dietary & Nutritional Service Providers,"Dietitian, Registered","Nutrition, Sports Dietetics"
312,133N00000X,Dietary & Nutritional Service Providers,Nutritionist,
313,133NN1002X,Dietary & Nutritional Service Providers,Nutritionist,"Nutrition, Education"
314,146N00000X,Emergency Medical Service Providers,"Emergency Medical Technician, Basic",
315,146M00000X,Emergency Medical Service Providers,"Emergency Medical Technician, Intermediate",
316,146L00000X,Emergency Medical Service Providers,"Emergency Medical Technician, Paramedic",
317,146D00000X,Emergency Medical Service Providers,Personal Emergency Response Attendant,
318,152W00000X,Eye and Vision Services Providers,Optometrist,
319,152WC0802X,Eye and Vision Services Providers,Optometrist,Corneal and Contact Management
320,152WL0500X,Eye and Vision Services Providers,Optometrist,Low Vision Rehabilitation
321,152WX0102X,Eye and Vision Services Providers,Optometrist,Occupational Vision
322,152WP0200X,Eye and Vision Services Providers,Optometrist,Pediatrics
323,152WS0006X,Eye and Vision Services Providers,Optometrist,Sports Vision
324,152WV0400X,Eye and Vision Services Providers,Optometrist,Vision Therapy
325,156F00000X,Eye and Vision Services Providers,Technician/Technologist,
326,156FC0800X,Eye and Vision Services Providers,Technician/Technologist,Contact Lens
327,156FC0801X,Eye and Vision Services Providers,Technician/Technologist,Contact Lens Fitter
328,156FX1700X,Eye and Vision Services Providers,Technician/Technologist,Ocularist
329,156FX1100X,Eye and Vision Services Providers,Technician/Technologist,Ophthalmic
330,156FX1101X,Eye and Vision Services Providers,Technician/Technologist,Ophthalmic Assistant
331,156FX1800X,Eye and Vision Services Providers,Technician/Technologist,Optician
332,156FX1201X,Eye and Vision Services Providers,Technician/Technologist,Optometric Assistant
333,156FX1202X,Eye and Vision Services Providers,Technician/Technologist,Optometric Technician
334,156FX1900X,Eye and Vision Services Providers,Technician/Technologist,Orthoptist
335,164W00000X,Nursing Service Providers,Licensed Practical Nurse,
336,167G00000X,Nursing Service Providers,Licensed Psychiatric Technician,
337,164X00000X,Nursing Service Providers,Licensed Vocational Nurse,
338,163W00000X,Nursing Service Providers,Registered Nurse,
339,163WA0400X,Nursing Service Providers,Registered Nurse,Addiction (Substance Use Disorder)
340,163WA2000X,Nursing Service Providers,Registered Nurse,Administrator
341,163WP2201X,Nursing Service Providers,Registered Nurse,Ambulatory Care
342,163WC3500X,Nursing Service Providers,Registered Nurse,Cardiac Rehabilitation
343,163WC0400X,Nursing Service Providers,Registered Nurse,Case Management
344,163WC1400X,Nursing Service Providers,Registered Nurse,College Health
345,163WC1500X,Nursing Service Providers,Registered Nurse,Community Health
346,163WC2100X,Nursing Service Providers,Registered Nurse,Continence Care
347,163WC1600X,Nursing Service Providers,Registered Nurse,Continuing Education/Staff Development
348,163WC0200X,Nursing Service Providers,Registered Nurse,Critical Care Medicine
349,163WD0400X,Nursing Service Providers,Registered Nurse,Diabetes Educator
350,163WD1100X,Nursing Service Providers,Registered Nurse,"Dialysis, Peritoneal"
351,163WE0003X,Nursing Service Providers,Registered Nurse,Emergency
352,163WE0900X,Nursing Service Providers,Registered Nurse,Enterostomal Therapy
353,163WF0300X,Nursing Service Providers,Registered Nurse,Flight
354,163WG0100X,Nursing Service Providers,Registered Nurse,Gastroenterology
355,163WG0000X,Nursing Service Providers,Registered Nurse,General Practice
356,163WG0600X,Nursing Service Providers,Registered Nurse,Gerontology
357,163WH0500X,Nursing Service Providers,Registered Nurse,Hemodialysis
358,163WH0200X,Nursing Service Providers,Registered Nurse,Home Health
359,163WH1000X,Nursing Service Providers,Registered Nurse,Hospice
360,163WI0600X,Nursing Service Providers,Registered Nurse,Infection Control
361,163WI0500X,Nursing Service Providers,Registered Nurse,Infusion Therapy
362,163WL0100X,Nursing Service Providers,Registered Nurse,Lactation Consultant
363,163WM0102X,Nursing Service Providers,Registered Nurse,Maternal Newborn
364,163WM0705X,Nursing Service Providers,Registered Nurse,Medical-Surgical
365,163WN0002X,Nursing Service Providers,Registered Nurse,Neonatal Intensive Care
366,163WN0003X,Nursing Service Providers,Registered Nurse,"Neonatal, Low-Risk"
367,163WN0300X,Nursing Service Providers,Registered Nurse,Nephrology
368,163WN0800X,Nursing Service Providers,Registered Nurse,Neuroscience
369,163WM1400X,Nursing Service Providers,Registered Nurse,Nurse Massage Therapist (NMT)
370,163WN1003X,Nursing Service Providers,Registered Nurse,Nutrition Support
371,163WX0002X,Nursing Service Providers,Registered Nurse,"Obstetric, High-Risk"
372,163WX0003X,Nursing Service Providers,Registered Nurse,"Obstetric, Inpatient"
373,163WX0106X,Nursing Service Providers,Registered Nurse,Occupational Health
374,163WX0200X,Nursing Service Providers,Registered Nurse,Oncology
375,163WX1100X,Nursing Service Providers,Registered Nurse,Ophthalmic
376,163WX0800X,Nursing Service Providers,Registered Nurse,Orthopedic
377,163WX1500X,Nursing Service Providers,Registered Nurse,Ostomy Care
378,163WX0601X,Nursing Service Providers,Registered Nurse,Otorhinolaryngology & Head-Neck
379,163WP0000X,Nursing Service Providers,Registered Nurse,Pain Management
380,163WP0218X,Nursing Service Providers,Registered Nurse,Pediatric Oncology
381,163WP0200X,Nursing Service Providers,Registered Nurse,Pediatrics
382,163WP1700X,Nursing Service Providers,Registered Nurse,Perinatal
383,163WS0121X,Nursing Service Providers,Registered Nurse,Plastic Surgery
384,163WP0808X,Nursing Service Providers,Registered Nurse,Psychiatric/Mental Health
385,163WP0809X,Nursing Service Providers,Registered Nurse,"Psychiatric/Mental Health, Adult"
386,163WP0807X,Nursing Service Providers,Registered Nurse,"Psychiatric/Mental Health, Child & Adolescent"
387,163WR0006X,Nursing Service Providers,Registered Nurse,Registered Nurse First Assistant
388,163WR0400X,Nursing Service Providers,Registered Nurse,Rehabilitation
389,163WR1000X,Nursing Service Providers,Registered Nurse,Reproductive Endocrinology/Infertility
390,163WS0200X,Nursing Service Providers,Registered Nurse,School
391,163WU0100X,Nursing Service Providers,Registered Nurse,Urology
392,163WW0101X,Nursing Service Providers,Registered Nurse,"Women's Health Care, Ambulatory"
393,163WW0000X,Nursing Service Providers,Registered Nurse,Wound Care
394,372600000X,Nursing Service Related Providers,Adult Companion,
395,372500000X,Nursing Service Related Providers,Chore Provider,
396,373H00000X,Nursing Service Related Providers,Day Training/Habilitation Specialist,
397,374J00000X,Nursing Service Related Providers,Doula,
398,374U00000X,Nursing Service Related Providers,Home Health Aide,
399,376J00000X,Nursing Service Related Providers,Homemaker,
400,376K00000X,Nursing Service Related Providers,Nurse's Aide,
401,376G00000X,Nursing Service Related Providers,Nursing Home Administrator,
402,374T00000X,Nursing Service Related Providers,Religious Nonmedical Nursing Personnel,
403,374K00000X,Nursing Service Related Providers,Religious Nonmedical Practitioner,
404,374700000X,Nursing Service Related Providers,Technician,
405,3747A0650X,Nursing Service Related Providers,Technician,Attendant Care Provider
406,3747P1801X,Nursing Service Related Providers,Technician,Personal Care Attendant
407,171100000X,Other Service Providers,Acupuncturist,
408,171M00000X,Other Service Providers,Case Manager/Care Coordinator,
409,174V00000X,Other Service Providers,Clinical Ethicist,
410,172V00000X,Other Service Providers,Community Health Worker,
411,171W00000X,Other Service Providers,Contractor,
412,171WH0202X,Other Service Providers,Contractor,Home Modifications
413,171WV0202X,Other Service Providers,Contractor,Vehicle Modifications
414,172A00000X,Other Service Providers,Driver,
415,176P00000X,Other Service Providers,Funeral Director,
416,170300000X,Other Service Providers,"Genetic Counselor, MS",
417,171400000X,Other Service Providers,Health & Wellness Coach,
418,174H00000X,Other Service Providers,Health Educator,
419,175L00000X,Other Service Providers,Homeopath,
420,171R00000X,Other Service Providers,Interpreter,
421,174N00000X,Other Service Providers,"Lactation Consultant, Non-RN",
422,175M00000X,Other Service Providers,"Midwife, Lay",
423,173000000X,Other Service Providers,Legal Medicine,
424,172M00000X,Other Service Providers,Mechanotherapist,
425,176B00000X,Other Service Providers,Midwife,
426,171000000X,Other Service Providers,Military Health Care Provider,
427,1710I1002X,Other Service Providers,Military Health Care Provider,Independent Duty Corpsman
428,1710I1003X,Other Service Providers,Military Health Care Provider,Independent Duty Medical Technicians
429,172P00000X,Other Service Providers,Naprapath,
430,175F00000X,Other Service Providers,Naturopath,
431,175T00000X,Other Service Providers,Peer Specialist,
432,170100000X,Other Service Providers,"Medical Genetics, Ph.D. Medical Genetics",
433,405300000X,Other Service Providers,Prevention Professional,
434,173C00000X,Other Service Providers,Reflexologist,
435,173F00000X,Other Service Providers,"Sleep Specialist, PhD",
436,174400000X,Other Service Providers,Specialist,
437,1744G0900X,Other Service Providers,Specialist,Graphics Designer
438,1744P3200X,Other Service Providers,Specialist,Prosthetics Case Management
439,1744R1103X,Other Service Providers,Specialist,Research Data Abstracter/Coder
440,1744R1102X,Other Service Providers,Specialist,Research Study
441,174M00000X,Other Service Providers,Veterinarian,
442,174MM1900X,Other Service Providers,Veterinarian,Medical Research
443,183500000X,Pharmacy Service Providers,Pharmacist,
444,1835P2201X,Pharmacy Service Providers,Pharmacist,Ambulatory Care
445,1835C0205X,Pharmacy Service Providers,Pharmacist,Critical Care
446,1835G0000X,Pharmacy Service Providers,Pharmacist,General Practice
447,1835G0303X,Pharmacy Service Providers,Pharmacist,Geriatric
448,1835N0905X,Pharmacy Service Providers,Pharmacist,Nuclear
449,1835N1003X,Pharmacy Service Providers,Pharmacist,Nutrition Support
450,1835X0200X,Pharmacy Service Providers,Pharmacist,Oncology
451,1835P0200X,Pharmacy Service Providers,Pharmacist,Pediatrics
452,1835P0018X,Pharmacy Service Providers,Pharmacist,Pharmacist Clinician (PhC)/ Clinical Pharmacy Specialist
453,1835P1200X,Pharmacy Service Providers,Pharmacist,Pharmacotherapy
454,1835P1300X,Pharmacy Service Providers,Pharmacist,Psychiatric
455,183700000X,Pharmacy Service Providers,Pharmacy Technician,
456,367A00000X,Physician Assistants & Advanced Practice Nursing Providers,Advanced Practice Midwife,
457,367H00000X,Physician Assistants & Advanced Practice Nursing Providers,Anesthesiologist Assistant,
458,364S00000X,Physician Assistants & Advanced Practice Nursing Providers,Clinical Nurse Specialist,
459,364SA2100X,Physician Assistants & Advanced Practice Nursing Providers,Clinical Nurse Specialist,Acute Care
460,364SA2200X,Physician Assistants & Advanced Practice Nursing Providers,Clinical Nurse Specialist,Adult Health
461,364SC2300X,Physician Assistants & Advanced Practice Nursing Providers,Clinical Nurse Specialist,Chronic Care
462,364SC1501X,Physician Assistants & Advanced Practice Nursing Providers,Clinical Nurse Specialist,Community Health/Public Health
463,364SC0200X,Physician Assistants & Advanced Practice Nursing Providers,Clinical Nurse Specialist,Critical Care Medicine
464,364SE0003X,Physician Assistants & Advanced Practice Nursing Providers,Clinical Nurse Specialist,Emergency
465,364SE1400X,Physician Assistants & Advanced Practice Nursing Providers,Clinical Nurse Specialist,Ethics
466,364SF0001X,Physician Assistants & Advanced Practice Nursing Providers,Clinical Nurse Specialist,Family Health
467,364SG0600X,Physician Assistants & Advanced Practice Nursing Providers,Clinical Nurse Specialist,Gerontology
468,364SH1100X,Physician Assistants & Advanced Practice Nursing Providers,Clinical Nurse Specialist,Holistic
469,364SH0200X,Physician Assistants & Advanced Practice Nursing Providers,Clinical Nurse Specialist,Home Health
470,364SI0800X,Physician Assistants & Advanced Practice Nursing Providers,Clinical Nurse Specialist,Informatics
471,364SL0600X,Physician Assistants & Advanced Practice Nursing Providers,Clinical Nurse Specialist,Long-Term Care
472,364SM0705X,Physician Assistants & Advanced Practice Nursing Providers,Clinical Nurse Specialist,Medical-Surgical
473,364SN0000X,Physician Assistants & Advanced Practice Nursing Providers,Clinical Nurse Specialist,Neonatal
474,364SN0800X,Physician Assistants & Advanced Practice Nursing Providers,Clinical Nurse Specialist,Neuroscience
475,364SX0106X,Physician Assistants & Advanced Practice Nursing Providers,Clinical Nurse Specialist,Occupational Health
476,364SX0200X,Physician Assistants & Advanced Practice Nursing Providers,Clinical Nurse Specialist,Oncology
477,364SX0204X,Physician Assistants & Advanced Practice Nursing Providers,Clinical Nurse Specialist,"Oncology, Pediatrics"
478,364SP0200X,Physician Assistants & Advanced Practice Nursing Providers,Clinical Nurse Specialist,Pediatrics
479,364SP1700X,Physician Assistants & Advanced Practice Nursing Providers,Clinical Nurse Specialist,Perinatal
480,364SP2800X,Physician Assistants & Advanced Practice Nursing Providers,Clinical Nurse Specialist,Perioperative
481,364SP0808X,Physician Assistants & Advanced Practice Nursing Providers,Clinical Nurse Specialist,Psychiatric/Mental Health
482,364SP0809X,Physician Assistants & Advanced Practice Nursing Providers,Clinical Nurse Specialist,"Psychiatric/Mental Health, Adult"
483,364SP0807X,Physician Assistants & Advanced Practice Nursing Providers,Clinical Nurse Specialist,"Psychiatric/Mental Health, Child & Adolescent"
484,364SP0810X,Physician Assistants & Advanced Practice Nursing Providers,Clinical Nurse Specialist,"Psychiatric/Mental Health, Child & Family"
485,364SP0811X,Physician Assistants & Advanced Practice Nursing Providers,Clinical Nurse Specialist,"Psychiatric/Mental Health, Chronically Ill"
486,364SP0812X,Physician Assistants & Advanced Practice Nursing Providers,Clinical Nurse Specialist,"Psychiatric/Mental Health, Community"
487,364SP0813X,Physician Assistants & Advanced Practice Nursing Providers,Clinical Nurse Specialist,"Psychiatric/Mental Health, Geropsychiatric"
488,364SR0400X,Physician Assistants & Advanced Practice Nursing Providers,Clinical Nurse Specialist,Rehabilitation
489,364SS0200X,Physician Assistants & Advanced Practice Nursing Providers,Clinical Nurse Specialist,School
490,364ST0500X,Physician Assistants & Advanced Practice Nursing Providers,Clinical Nurse Specialist,Transplantation
491,364SW0102X,Physician Assistants & Advanced Practice Nursing Providers,Clinical Nurse Specialist,Women's Health
492,367500000X,Physician Assistants & Advanced Practice Nursing Providers,"Nurse Anesthetist, Certified Registered",
493,363L00000X,Physician Assistants & Advanced Practice Nursing Providers,Nurse Practitioner,
494,363LA2100X,Physician Assistants & Advanced Practice Nursing Providers,Nurse Practitioner,Acute Care
495,363LA2200X,Physician Assistants & Advanced Practice Nursing Providers,Nurse Practitioner,Adult Health
496,363LC1500X,Physician Assistants & Advanced Practice Nursing Providers,Nurse Practitioner,Community Health
497,363LC0200X,Physician Assistants & Advanced Practice Nursing Providers,Nurse Practitioner,Critical Care Medicine
498,363LF0000X,Physician Assistants & Advanced Practice Nursing Providers,Nurse Practitioner,Family
499,363LG0600X,Physician Assistants & Advanced Practice Nursing Providers,Nurse Practitioner,Gerontology
500,363LN0000X,Physician Assistants & Advanced Practice Nursing Providers,Nurse Practitioner,Neonatal
501,363LN0005X,Physician Assistants & Advanced Practice Nursing Providers,Nurse Practitioner,"Neonatal, Critical Care"
502,363LX0001X,Physician Assistants & Advanced Practice Nursing Providers,Nurse Practitioner,Obstetrics & Gynecology
503,363LX0106X,Physician Assistants & Advanced Practice Nursing Providers,Nurse Practitioner,Occupational Health
504,363LP0200X,Physician Assistants & Advanced Practice Nursing Providers,Nurse Practitioner,Pediatrics
505,363LP0222X,Physician Assistants & Advanced Practice Nursing Providers,Nurse Practitioner,"Pediatrics, Critical Care"
506,363LP1700X,Physician Assistants & Advanced Practice Nursing Providers,Nurse Practitioner,Perinatal
507,363LP2300X,Physician Assistants & Advanced Practice Nursing Providers,Nurse Practitioner,Primary Care
508,363LP0808X,Physician Assistants & Advanced Practice Nursing Providers,Nurse Practitioner,Psychiatric/Mental Health
509,363LS0200X,Physician Assistants & Advanced Practice Nursing Providers,Nurse Practitioner,School
510,363LW0102X,Physician Assistants & Advanced Practice Nursing Providers,Nurse Practitioner,Women's Health
511,363A00000X,Physician Assistants & Advanced Practice Nursing Providers,Physician Assistant,
512,363AM0700X,Physician Assistants & Advanced Practice Nursing Providers,Physician Assistant,Medical
513,363AS0400X,Physician Assistants & Advanced Practice Nursing Providers,Physician Assistant,Surgical
514,211D00000X,Podiatric Medicine & Surgery Service Providers,"Assistant, Podiatric",
515,213E00000X,Podiatric Medicine & Surgery Service Providers,Podiatrist,
516,213ES0103X,Podiatric Medicine & Surgery Service Providers,Podiatrist,Foot & Ankle Surgery
517,213ES0131X,Podiatric Medicine & Surgery Service Providers,Podiatrist,Foot Surgery
518,213EG0000X,Podiatric Medicine & Surgery Service Providers,Podiatrist,General Practice
519,213EP1101X,Podiatric Medicine & Surgery Service Providers,Podiatrist,Primary Podiatric Medicine
520,213EP0504X,Podiatric Medicine & Surgery Service Providers,Podiatrist,Public Medicine
521,213ER0200X,Podiatric Medicine & Surgery Service Providers,Podiatrist,Radiology
522,213ES0000X,Podiatric Medicine & Surgery Service Providers,Podiatrist,Sports Medicine
523,229N00000X,"Respiratory, Developmental, Rehabilitative and Restorative Service Providers",Anaplastologist,
524,221700000X,"Respiratory, Developmental, Rehabilitative and Restorative Service Providers",Art Therapist,
525,224Y00000X,"Respiratory, Developmental, Rehabilitative and Restorative Service Providers",Clinical Exercise Physiologist,
526,225600000X,"Respiratory, Developmental, Rehabilitative and Restorative Service Providers",Dance Therapist,
527,222Q00000X,"Respiratory, Developmental, Rehabilitative and Restorative Service Providers",Developmental Therapist,
528,226300000X,"Respiratory, Developmental, Rehabilitative and Restorative Service Providers",Kinesiotherapist,
529,225700000X,"Respiratory, Developmental, Rehabilitative and Restorative Service Providers",Massage Therapist,
530,224900000X,"Respiratory, Developmental, Rehabilitative and Restorative Service Providers",Mastectomy Fitter,
531,225A00000X,"Respiratory, Developmental, Rehabilitative and Restorative Service Providers",Music Therapist,
532,225X00000X,"Respiratory, Developmental, Rehabilitative and Restorative Service Providers",Occupational Therapist,
533,225XR0403X,"Respiratory, Developmental, Rehabilitative and Restorative Service Providers",Occupational Therapist,Driving and Community Mobility
534,225XE0001X,"Respiratory, Developmental, Rehabilitative and Restorative Service Providers",Occupational Therapist,Environmental Modification
535,225XE1200X,"Respiratory, Developmental, Rehabilitative and Restorative Service Providers",Occupational Therapist,Ergonomics
536,225XF0002X,"Respiratory, Developmental, Rehabilitative and Restorative Service Providers",Occupational Therapist,"Feeding, Eating & Swallowing"
537,225XG0600X,"Respiratory, Developmental, Rehabilitative and Restorative Service Providers",Occupational Therapist,Gerontology
538,225XH1200X,"Respiratory, Developmental, Rehabilitative and Restorative Service Providers",Occupational Therapist,Hand
539,225XH1300X,"Respiratory, Developmental, Rehabilitative and Restorative Service Providers",Occupational Therapist,Human Factors
540,225XL0004X,"Respiratory, Developmental, Rehabilitative and Restorative Service Providers",Occupational Therapist,Low Vision
541,225XM0800X,"Respiratory, Developmental, Rehabilitative and Restorative Service Providers",Occupational Therapist,Mental Health
542,225XN1300X,"Respiratory, Developmental, Rehabilitative and Restorative Service Providers",Occupational Therapist,Neurorehabilitation
543,225XP0200X,"Respiratory, Developmental, Rehabilitative and Restorative Service Providers",Occupational Therapist,Pediatrics
544,225XP0019X,"Respiratory, Developmental, Rehabilitative and Restorative Service Providers",Occupational Therapist,Physical Rehabilitation
545,224Z00000X,"Respiratory, Developmental, Rehabilitative and Restorative Service Providers",Occupational Therapy Assistant,
546,224ZR0403X,"Respiratory, Developmental, Rehabilitative and Restorative Service Providers",Occupational Therapy Assistant,Driving and Community Mobility
547,224ZE0001X,"Respiratory, Developmental, Rehabilitative and Restorative Service Providers",Occupational Therapy Assistant,Environmental Modification
548,224ZF0002X,"Respiratory, Developmental, Rehabilitative and Restorative Service Providers",Occupational Therapy Assistant,"Feeding, Eating & Swallowing"
549,224ZL0004X,"Respiratory, Developmental, Rehabilitative and Restorative Service Providers",Occupational Therapy Assistant,Low Vision
550,225000000X,"Respiratory, Developmental, Rehabilitative and Restorative Service Providers",Orthotic Fitter,
551,222Z00000X,"Respiratory, Developmental, Rehabilitative and Restorative Service Providers",Orthotist,
552,224L00000X,"Respiratory, Developmental, Rehabilitative and Restorative Service Providers",Pedorthist,
553,225100000X,"Respiratory, Developmental, Rehabilitative and Restorative Service Providers",Physical Therapist,
554,2251C2600X,"Respiratory, Developmental, Rehabilitative and Restorative Service Providers",Physical Therapist,Cardiopulmonary
555,2251E1300X,"Respiratory, Developmental, Rehabilitative and Restorative Service Providers",Physical Therapist,"Electrophysiology, Clinical"
556,2251E1200X,"Respiratory, Developmental, Rehabilitative and Restorative Service Providers",Physical Therapist,Ergonomics
557,2251G0304X,"Respiratory, Developmental, Rehabilitative and Restorative Service Providers",Physical Therapist,Geriatrics
558,2251H1200X,"Respiratory, Developmental, Rehabilitative and Restorative Service Providers",Physical Therapist,Hand
559,2251H1300X,"Respiratory, Developmental, Rehabilitative and Restorative Service Providers",Physical Therapist,Human Factors
560,2251N0400X,"Respiratory, Developmental, Rehabilitative and Restorative Service Providers",Physical Therapist,Neurology
561,2251X0800X,"Respiratory, Developmental, Rehabilitative and Restorative Service Providers",Physical Therapist,Orthopedic
562,2251P0200X,"Respiratory, Developmental, Rehabilitative and Restorative Service Providers",Physical Therapist,Pediatrics
563,2251S0007X,"Respiratory, Developmental, Rehabilitative and Restorative Service Providers",Physical Therapist,Sports
564,225200000X,"Respiratory, Developmental, Rehabilitative and Restorative Service Providers",Physical Therapy Assistant,
565,224P00000X,"Respiratory, Developmental, Rehabilitative and Restorative Service Providers",Prosthetist,
566,225B00000X,"Respiratory, Developmental, Rehabilitative and Restorative Service Providers",Pulmonary Function Technologist,
567,225800000X,"Respiratory, Developmental, Rehabilitative and Restorative Service Providers",Recreation Therapist,
568,226000000X,"Respiratory, Developmental, Rehabilitative and Restorative Service Providers",Recreational Therapist Assistant,
569,225C00000X,"Respiratory, Developmental, Rehabilitative and Restorative Service Providers",Rehabilitation Counselor,
570,225CA2400X,"Respiratory, Developmental, Rehabilitative and Restorative Service Providers",Rehabilitation Counselor,Assistive Technology Practitioner
571,225CA2500X,"Respiratory, Developmental, Rehabilitative and Restorative Service Providers",Rehabilitation Counselor,Assistive Technology Supplier
572,225CX0006X,"Respiratory, Developmental, Rehabilitative and Restorative Service Providers",Rehabilitation Counselor,Orientation and Mobility Training Provider
573,225400000X,"Respiratory, Developmental, Rehabilitative and Restorative Service Providers",Rehabilitation Practitioner,
574,227800000X,"Respiratory, Developmental, Rehabilitative and Restorative Service Providers","Respiratory Therapist, Certified",
575,2278C0205X,"Respiratory, Developmental, Rehabilitative and Restorative Service Providers","Respiratory Therapist, Certified",Critical Care
576,2278E1000X,"Respiratory, Developmental, Rehabilitative and Restorative Service Providers","Respiratory Therapist, Certified",Educational
577,2278E0002X,"Respiratory, Developmental, Rehabilitative and Restorative Service Providers","Respiratory Therapist, Certified",Emergency Care
578,2278G1100X,"Respiratory, Developmental, Rehabilitative and Restorative Service Providers","Respiratory Therapist, Certified",General Care
579,2278G0305X,"Respiratory, Developmental, Rehabilitative and Restorative Service Providers","Respiratory Therapist, Certified",Geriatric Care
580,2278H0200X,"Respiratory, Developmental, Rehabilitative and Restorative Service Providers","Respiratory Therapist, Certified",Home Health
581,2278P3900X,"Respiratory, Developmental, Rehabilitative and Restorative Service Providers","Respiratory Therapist, Certified",Neonatal/Pediatrics
582,2278P3800X,"Respiratory, Developmental, Rehabilitative and Restorative Service Providers","Respiratory Therapist, Certified",Palliative/Hospice
583,2278P4000X,"Respiratory, Developmental, Rehabilitative and Restorative Service Providers","Respiratory Therapist, Certified",Patient Transport
584,2278P1004X,"Respiratory, Developmental, Rehabilitative and Restorative Service Providers","Respiratory Therapist, Certified",Pulmonary Diagnostics
585,2278P1006X,"Respiratory, Developmental, Rehabilitative and Restorative Service Providers","Respiratory Therapist, Certified",Pulmonary Function Technologist
586,2278P1005X,"Respiratory, Developmental, Rehabilitative and Restorative Service Providers","Respiratory Therapist, Certified",Pulmonary Rehabilitation
587,2278S1500X,"Respiratory, Developmental, Rehabilitative and Restorative Service Providers","Respiratory Therapist, Certified",SNF/Subacute Care
588,227900000X,"Respiratory, Developmental, Rehabilitative and Restorative Service Providers","Respiratory Therapist, Registered",
589,2279C0205X,"Respiratory, Developmental, Rehabilitative and Restorative Service Providers","Respiratory Therapist, Registered",Critical Care
590,2279E1000X,"Respiratory, Developmental, Rehabilitative and Restorative Service Providers","Respiratory Therapist, Registered",Educational
591,2279E0002X,"Respiratory, Developmental, Rehabilitative and Restorative Service Providers","Respiratory Therapist, Registered",Emergency Care
592,2279G1100X,"Respiratory, Developmental, Rehabilitative and Restorative Service Providers","Respiratory Therapist, Registered",General Care
593,2279G0305X,"Respiratory, Developmental, Rehabilitative and Restorative Service Providers","Respiratory Therapist, Registered",Geriatric Care
594,2279H0200X,"Respiratory, Developmental, Rehabilitative and Restorative Service Providers","Respiratory Therapist, Registered",Home Health
595,2279P3900X,"Respiratory, Developmental, Rehabilitative and Restorative Service Providers","Respiratory Therapist, Registered",Neonatal/Pediatrics
596,2279P3800X,"Respiratory, Developmental, Rehabilitative and Restorative Service Providers","Respiratory Therapist, Registered",Palliative/Hospice
597,2279P4000X,"Respiratory, Developmental, Rehabilitative and Restorative Service Providers","Respiratory Therapist, Registered",Patient Transport
598,2279P1004X,"Respiratory, Developmental, Rehabilitative and Restorative Service Providers","Respiratory Therapist, Registered",Pulmonary Diagnostics
599,2279P1006X,"Respiratory, Developmental, Rehabilitative and Restorative Service Providers","Respiratory Therapist, Registered",Pulmonary Function Technologist
600,2279P1005X,"Respiratory, Developmental, Rehabilitative and Restorative Service Providers","Respiratory Therapist, Registered",Pulmonary Rehabilitation
601,2279S1500X,"Respiratory, Developmental, Rehabilitative and Restorative Service Providers","Respiratory Therapist, Registered",SNF/Subacute Care
602,225500000X,"Respiratory, Developmental, Rehabilitative and Restorative Service Providers",Specialist/Technologist,
603,2255A2300X,"Respiratory, Developmental, Rehabilitative and Restorative Service Providers",Specialist/Technologist,Athletic Trainer
604,2255R0406X,"Respiratory, Developmental, Rehabilitative and Restorative Service Providers",Specialist/Technologist,"Rehabilitation, Blind"
605,231H00000X,"Speech, Language and Hearing Service Providers",Audiologist,
606,231HA2400X,"Speech, Language and Hearing Service Providers",Audiologist,Assistive Technology Practitioner
607,231HA2500X,"Speech, Language and Hearing Service Providers",Audiologist,Assistive Technology Supplier
608,237600000X,"Speech, Language and Hearing Service Providers",Audiologist-Hearing Aid Fitter,
609,237700000X,"Speech, Language and Hearing Service Providers",Hearing Instrument Specialist,
610,235500000X,"Speech, Language and Hearing Service Providers",Specialist/Technologist,
611,2355A2700X,"Speech, Language and Hearing Service Providers",Specialist/Technologist,Audiology Assistant
612,2355S0801X,"Speech, Language and Hearing Service Providers",Specialist/Technologist,Speech-Language Assistant
613,235Z00000X,"Speech, Language and Hearing Service Providers",Speech-Language Pathologist,
614,390200000X,"Student, Health Care",Student in an Organized Health Care Education/Training Program,
615,242T00000X,"Technologists, Technicians & Other Technical Service Providers",Perfusionist,
616,247100000X,"Technologists, Technicians & Other Technical Service Providers",Radiologic Technologist,
617,2471B0102X,"Technologists, Technicians & Other Technical Service Providers",Radiologic Technologist,Bone Densitometry
618,2471C1106X,"Technologists, Technicians & Other Technical Service Providers",Radiologic Technologist,Cardiac-Interventional Technology
619,2471C1101X,"Technologists, Technicians & Other Technical Service Providers",Radiologic Technologist,Cardiovascular-Interventional Technology
620,2471C3401X,"Technologists, Technicians & Other Technical Service Providers",Radiologic Technologist,Computed Tomography
621,2471M1202X,"Technologists, Technicians & Other Technical Service Providers",Radiologic Technologist,Magnetic Resonance Imaging
622,2471M2300X,"Technologists, Technicians & Other Technical Service Providers",Radiologic Technologist,Mammography
623,2471N0900X,"Technologists, Technicians & Other Technical Service Providers",Radiologic Technologist,Nuclear Medicine Technology
624,2471Q0001X,"Technologists, Technicians & Other Technical Service Providers",Radiologic Technologist,Quality Management
625,2471R0002X,"Technologists, Technicians & Other Technical Service Providers",Radiologic Technologist,Radiation Therapy
626,2471C3402X,"Technologists, Technicians & Other Technical Service Providers",Radiologic Technologist,Radiography
627,2471S1302X,"Technologists, Technicians & Other Technical Service Providers",Radiologic Technologist,Sonography
628,2471V0105X,"Technologists, Technicians & Other Technical Service Providers",Radiologic Technologist,Vascular Sonography
629,2471V0106X,"Technologists, Technicians & Other Technical Service Providers",Radiologic Technologist,Vascular-Interventional Technology
630,243U00000X,"Technologists, Technicians & Other Technical Service Providers",Radiology Practitioner Assistant,
631,246X00000X,"Technologists, Technicians & Other Technical Service Providers",Specialist/Technologist Cardiovascular,
632,246XC2901X,"Technologists, Technicians & Other Technical Service Providers",Specialist/Technologist Cardiovascular,Cardiovascular Invasive Specialist
633,246XS1301X,"Technologists, Technicians & Other Technical Service Providers",Specialist/Technologist Cardiovascular,Sonography
634,246XC2903X,"Technologists, Technicians & Other Technical Service Providers",Specialist/Technologist Cardiovascular,Vascular Specialist
635,246Y00000X,"Technologists, Technicians & Other Technical Service Providers","Specialist/Technologist, Health Information",
636,246YC3301X,"Technologists, Technicians & Other Technical Service Providers","Specialist/Technologist, Health Information","Coding Specialist, Hospital Based"
637,246YC3302X,"Technologists, Technicians & Other Technical Service Providers","Specialist/Technologist, Health Information","Coding Specialist, Physician Office Based"
638,246YR1600X,"Technologists, Technicians & Other Technical Service Providers","Specialist/Technologist, Health Information",Registered Record Administrator
639,246Z00000X,"Technologists, Technicians & Other Technical Service Providers","Specialist/Technologist, Other",
640,246ZA2600X,"Technologists, Technicians & Other Technical Service Providers","Specialist/Technologist, Other","Art, Medical"
641,246ZB0500X,"Technologists, Technicians & Other Technical Service Providers","Specialist/Technologist, Other",Biochemist
642,246ZB0301X,"Technologists, Technicians & Other Technical Service Providers","Specialist/Technologist, Other",Biomedical Engineering
643,246ZB0302X,"Technologists, Technicians & Other Technical Service Providers","Specialist/Technologist, Other",Biomedical Photographer
644,246ZB0600X,"Technologists, Technicians & Other Technical Service Providers","Specialist/Technologist, Other",Biostatistician
645,246ZE0500X,"Technologists, Technicians & Other Technical Service Providers","Specialist/Technologist, Other",EEG
646,246ZE0600X,"Technologists, Technicians & Other Technical Service Providers","Specialist/Technologist, Other",Electroneurodiagnostic
647,246ZG1000X,"Technologists, Technicians & Other Technical Service Providers","Specialist/Technologist, Other","Geneticist, Medical (PhD)"
648,246ZG0701X,"Technologists, Technicians & Other Technical Service Providers","Specialist/Technologist, Other",Graphics Methods
649,246ZI1000X,"Technologists, Technicians & Other Technical Service Providers","Specialist/Technologist, Other","Illustration, Medical"
650,246ZN0300X,"Technologists, Technicians & Other Technical Service Providers","Specialist/Technologist, Other",Nephrology
651,246ZX2200X,"Technologists, Technicians & Other Technical Service Providers","Specialist/Technologist, Other",Orthopedic Assistant
652,246ZC0007X,"Technologists, Technicians & Other Technical Service Providers","Specialist/Technologist, Other",Surgical Assistant
653,246ZS0410X,"Technologists, Technicians & Other Technical Service Providers","Specialist/Technologist, Other",Surgical Technologist
654,246Q00000X,"Technologists, Technicians & Other Technical Service Providers","Specialist/Technologist, Pathology",
655,246QB0000X,"Technologists, Technicians & Other Technical Service Providers","Specialist/Technologist, Pathology",Blood Banking
656,246QC1000X,"Technologists, Technicians & Other Technical Service Providers","Specialist/Technologist, Pathology",Chemistry
657,246QC2700X,"Technologists, Technicians & Other Technical Service Providers","Specialist/Technologist, Pathology",Cytotechnology
658,246QH0401X,"Technologists, Technicians & Other Technical Service Providers","Specialist/Technologist, Pathology",Hemapheresis Practitioner
659,246QH0000X,"Technologists, Technicians & Other Technical Service Providers","Specialist/Technologist, Pathology",Hematology
660,246QH0600X,"Technologists, Technicians & Other Technical Service Providers","Specialist/Technologist, Pathology",Histology
661,246QI0000X,"Technologists, Technicians & Other Technical Service Providers","Specialist/Technologist, Pathology",Immunology
662,246QL0900X,"Technologists, Technicians & Other Technical Service Providers","Specialist/Technologist, Pathology",Laboratory Management
663,246QL0901X,"Technologists, Technicians & Other Technical Service Providers","Specialist/Technologist, Pathology","Laboratory Management, Diplomate"
664,246QM0706X,"Technologists, Technicians & Other Technical Service Providers","Specialist/Technologist, Pathology",Medical Technologist
665,246QM0900X,"Technologists, Technicians & Other Technical Service Providers","Specialist/Technologist, Pathology",Microbiology
666,246W00000X,"Technologists, Technicians & Other Technical Service Providers","Technician, Cardiology",
667,247000000X,"Technologists, Technicians & Other Technical Service Providers","Technician, Health Information",
668,2470A2800X,"Technologists, Technicians & Other Technical Service Providers","Technician, Health Information",Assistant Record Technician
669,247200000X,"Technologists, Technicians & Other Technical Service Providers","Technician, Other",
670,2472B0301X,"Technologists, Technicians & Other Technical Service Providers","Technician, Other",Biomedical Engineering
671,2472D0500X,"Technologists, Technicians & Other Technical Service Providers","Technician, Other",Darkroom
672,2472E0500X,"Technologists, Technicians & Other Technical Service Providers","Technician, Other",EEG
673,2472R0900X,"Technologists, Technicians & Other Technical Service Providers","Technician, Other",Renal Dialysis
674,2472V0600X,"Technologists, Technicians & Other Technical Service Providers","Technician, Other",Veterinary
675,246R00000X,"Technologists, Technicians & Other Technical Service Providers","Technician, Pathology",
676,247ZC0005X,"Technologists, Technicians & Other Technical Service Providers","Technician, Pathology","Clinical Laboratory Director, Non-physician"
677,246RH0600X,"Technologists, Technicians & Other Technical Service Providers","Technician, Pathology",Histology
678,246RM2200X,"Technologists, Technicians & Other Technical Service Providers","Technician, Pathology",Medical Laboratory
679,246RP1900X,"Technologists, Technicians & Other Technical Service Providers","Technician, Pathology",Phlebotomy
680,251B00000X,Agencies,Case Management,
681,251S00000X,Agencies,Community/Behavioral Health,
682,251C00000X,Agencies,"Day Training, Developmentally Disabled Services",
683,252Y00000X,Agencies,Early Intervention Provider Agency,
684,253J00000X,Agencies,Foster Care Agency,
685,251E00000X,Agencies,Home Health,
686,251F00000X,Agencies,Home Infusion,
687,251G00000X,Agencies,"Hospice Care, Community Based",
688,253Z00000X,Agencies,In Home Supportive Care,
689,251300000X,Agencies,Local Education Agency (LEA),
690,251J00000X,Agencies,Nursing Care,
691,251T00000X,Agencies,Program of All-Inclusive Care for the Elderly (PACE) Provider Organization,
692,251K00000X,Agencies,Public Health or Welfare,
693,251X00000X,Agencies,Supports Brokerage,
694,251V00000X,Agencies,Voluntary or Charitable,
695,261Q00000X,Ambulatory Health Care Facilities,Clinic/Center,
696,261QM0855X,Ambulatory Health Care Facilities,Clinic/Center,Adolescent and Children Mental Health
697,261QA0600X,Ambulatory Health Care Facilities,Clinic/Center,Adult Day Care
698,261QM0850X,Ambulatory Health Care Facilities,Clinic/Center,Adult Mental Health
699,261QA0005X,Ambulatory Health Care Facilities,Clinic/Center,Ambulatory Family Planning Facility
700,261QA0006X,Ambulatory Health Care Facilities,Clinic/Center,Ambulatory Fertility Facility
701,261QA1903X,Ambulatory Health Care Facilities,Clinic/Center,Ambulatory Surgical
702,261QA0900X,Ambulatory Health Care Facilities,Clinic/Center,Amputee
703,261QA3000X,Ambulatory Health Care Facilities,Clinic/Center,Augmentative Communication
704,261QB0400X,Ambulatory Health Care Facilities,Clinic/Center,Birthing
705,261QC1500X,Ambulatory Health Care Facilities,Clinic/Center,Community Health
706,261QC1800X,Ambulatory Health Care Facilities,Clinic/Center,Corporate Health
707,261QC0050X,Ambulatory Health Care Facilities,Clinic/Center,Critical Access Hospital
708,261QD0000X,Ambulatory Health Care Facilities,Clinic/Center,Dental
709,261QD1600X,Ambulatory Health Care Facilities,Clinic/Center,Developmental Disabilities
710,261QE0002X,Ambulatory Health Care Facilities,Clinic/Center,Emergency Care
711,261QE0700X,Ambulatory Health Care Facilities,Clinic/Center,End-Stage Renal Disease (ESRD) Treatment
712,261QE0800X,Ambulatory Health Care Facilities,Clinic/Center,Endoscopy
713,261QF0050X,Ambulatory Health Care Facilities,Clinic/Center,"Family Planning, Non-Surgical"
714,261QF0400X,Ambulatory Health Care Facilities,Clinic/Center,Federally Qualified Health Center (FQHC)
715,261QG0250X,Ambulatory Health Care Facilities,Clinic/Center,Genetics
716,261QH0100X,Ambulatory Health Care Facilities,Clinic/Center,Health Service
717,261QH0700X,Ambulatory Health Care Facilities,Clinic/Center,Hearing and Speech
718,261QI0500X,Ambulatory Health Care Facilities,Clinic/Center,Infusion Therapy
719,261QL0400X,Ambulatory Health Care Facilities,Clinic/Center,Lithotripsy
720,261QM1200X,Ambulatory Health Care Facilities,Clinic/Center,Magnetic Resonance Imaging (MRI)
721,261QM2500X,Ambulatory Health Care Facilities,Clinic/Center,Medical Specialty
722,261QM3000X,Ambulatory Health Care Facilities,Clinic/Center,Medically Fragile Infants and Children Day Care
723,261QM0801X,Ambulatory Health Care Facilities,Clinic/Center,Mental Health (Including Community Mental Health Center)
724,261QM2800X,Ambulatory Health Care Facilities,Clinic/Center,Methadone
725,261QM1000X,Ambulatory Health Care Facilities,Clinic/Center,Migrant Health
726,261QM1103X,Ambulatory Health Care Facilities,Clinic/Center,Military Ambulatory Procedure Visits Operational (Transportable)
727,261QM1101X,Ambulatory Health Care Facilities,Clinic/Center,Military and U.S. Coast Guard Ambulatory Procedure
728,261QM1102X,Ambulatory Health Care Facilities,Clinic/Center,Military Outpatient Operational (Transportable) Component
729,261QM1100X,Ambulatory Health Care Facilities,Clinic/Center,Military/U.S. Coast Guard Outpatient
730,261QM1300X,Ambulatory Health Care Facilities,Clinic/Center,Multi-Specialty
731,261QX0100X,Ambulatory Health Care Facilities,Clinic/Center,Occupational Medicine
732,261QX0200X,Ambulatory Health Care Facilities,Clinic/Center,Oncology
733,261QX0203X,Ambulatory Health Care Facilities,Clinic/Center,"Oncology, Radiation"
734,261QS0132X,Ambulatory Health Care Facilities,Clinic/Center,Ophthalmologic Surgery
735,261QS0112X,Ambulatory Health Care Facilities,Clinic/Center,Oral and Maxillofacial Surgery
736,261QP3300X,Ambulatory Health Care Facilities,Clinic/Center,Pain
737,261QP2000X,Ambulatory Health Care Facilities,Clinic/Center,Physical Therapy
738,261QP1100X,Ambulatory Health Care Facilities,Clinic/Center,Podiatric
739,261QP2300X,Ambulatory Health Care Facilities,Clinic/Center,Primary Care
740,261QP2400X,Ambulatory Health Care Facilities,Clinic/Center,Prison Health
741,261QP0904X,Ambulatory Health Care Facilities,Clinic/Center,"Public Health, Federal"
742,261QP0905X,Ambulatory Health Care Facilities,Clinic/Center,"Public Health, State or Local"
743,261QR0200X,Ambulatory Health Care Facilities,Clinic/Center,Radiology
744,261QR0206X,Ambulatory Health Care Facilities,Clinic/Center,"Radiology, Mammography"
745,261QR0208X,Ambulatory Health Care Facilities,Clinic/Center,"Radiology, Mobile"
746,261QR0207X,Ambulatory Health Care Facilities,Clinic/Center,"Radiology, Mobile Mammography"
747,261QR0800X,Ambulatory Health Care Facilities,Clinic/Center,Recovery Care
748,261QR0400X,Ambulatory Health Care Facilities,Clinic/Center,Rehabilitation
749,261QR0404X,Ambulatory Health Care Facilities,Clinic/Center,"Rehabilitation, Cardiac Facilities"
750,261QR0401X,Ambulatory Health Care Facilities,Clinic/Center,"Rehabilitation, Comprehensive Outpatient Rehabilitation Facility (CORF)"
751,261QR0405X,Ambulatory Health Care Facilities,Clinic/Center,"Rehabilitation, Substance Use Disorder"
752,261QR1100X,Ambulatory Health Care Facilities,Clinic/Center,Research
753,261QR1300X,Ambulatory Health Care Facilities,Clinic/Center,Rural Health
754,261QS1200X,Ambulatory Health Care Facilities,Clinic/Center,Sleep Disorder Diagnostic
755,261QS1000X,Ambulatory Health Care Facilities,Clinic/Center,Student Health
756,261QU0200X,Ambulatory Health Care Facilities,Clinic/Center,Urgent Care
757,261QV0200X,Ambulatory Health Care Facilities,Clinic/Center,VA
758,273100000X,Hospital Units,Epilepsy Unit,
759,275N00000X,Hospital Units,Medicare Defined Swing Bed Unit,
760,273R00000X,Hospital Units,Psychiatric Unit,
761,273Y00000X,Hospital Units,Rehabilitation Unit,
762,276400000X,Hospital Units,"Rehabilitation, Substance Use Disorder Unit",
763,287300000X,Hospitals,Christian Science Sanitorium,
764,281P00000X,Hospitals,Chronic Disease Hospital,
765,281PC2000X,Hospitals,Chronic Disease Hospital,Children
766,282N00000X,Hospitals,General Acute Care Hospital,
767,282NC2000X,Hospitals,General Acute Care Hospital,Children
768,282NC0060X,Hospitals,General Acute Care Hospital,Critical Access
769,282NR1301X,Hospitals,General Acute Care Hospital,Rural
770,282NW0100X,Hospitals,General Acute Care Hospital,Women
771,282E00000X,Hospitals,Long Term Care Hospital,
772,286500000X,Hospitals,Military Hospital,
773,2865C1500X,Hospitals,Military Hospital,Community Health
774,2865M2000X,Hospitals,Military Hospital,Military General Acute Care Hospital
775,2865X1600X,Hospitals,Military Hospital,Military General Acute Care Hospital. Operational (Transportable)
776,283Q00000X,Hospitals,Psychiatric Hospital,
777,283X00000X,Hospitals,Rehabilitation Hospital,
778,283XC2000X,Hospitals,Rehabilitation Hospital,Children
779,282J00000X,Hospitals,Religious Nonmedical Health Care Institution,
780,284300000X,Hospitals,Special Hospital,
781,291U00000X,Laboratories,Clinical Medical Laboratory,
782,292200000X,Laboratories,Dental Laboratory,
783,291900000X,Laboratories,Military Clinical Medical Laboratory,
784,293D00000X,Laboratories,Physiological Laboratory,
785,302F00000X,Managed Care Organizations,Exclusive Provider Organization,
786,302R00000X,Managed Care Organizations,Health Maintenance Organization,
787,305S00000X,Managed Care Organizations,Point of Service,
788,305R00000X,Managed Care Organizations,Preferred Provider Organization,
789,311500000X,Nursing & Custodial Care Facilities,Alzheimer Center (Dementia Center),
790,310400000X,Nursing & Custodial Care Facilities,Assisted Living Facility,
791,3104A0630X,Nursing & Custodial Care Facilities,Assisted Living Facility,"Assisted Living, Behavioral Disturbances"
792,3104A0625X,Nursing & Custodial Care Facilities,Assisted Living Facility,"Assisted Living, Mental Illness"
793,317400000X,Nursing & Custodial Care Facilities,Christian Science Facility,
794,311Z00000X,Nursing & Custodial Care Facilities,Custodial Care Facility,
795,311ZA0620X,Nursing & Custodial Care Facilities,Custodial Care Facility,Adult Care Home
796,315D00000X,Nursing & Custodial Care Facilities,"Hospice, Inpatient",
797,315P00000X,Nursing & Custodial Care Facilities,"Intermediate Care Facility, Mentally Retarded",
798,310500000X,Nursing & Custodial Care Facilities,"Intermediate Care Facility, Mental Illness",
799,313M00000X,Nursing & Custodial Care Facilities,Nursing Facility/Intermediate Care Facility,
800,314000000X,Nursing & Custodial Care Facilities,Skilled Nursing Facility,
801,3140N1450X,Nursing & Custodial Care Facilities,Skilled Nursing Facility,"Nursing Care, Pediatric"
802,177F00000X,Other Service Providers,Lodging,
803,174200000X,Other Service Providers,Meals,
804,320800000X,Residential Treatment Facilities,"Community Based Residential Treatment Facility, Mental Illness",
805,320900000X,Residential Treatment Facilities,"Community Based Residential Treatment Facility, Intellectual and/or Developmental Disabilities",
806,323P00000X,Residential Treatment Facilities,Psychiatric Residential Treatment Facility,
807,322D00000X,Residential Treatment Facilities,"Residential Treatment Facility, Emotionally Disturbed Children",
808,320600000X,Residential Treatment Facilities,"Residential Treatment Facility, Intellectual and/or Developmental Disabilities",
809,320700000X,Residential Treatment Facilities,"Residential Treatment Facility, Physical Disabilities",
810,324500000X,Residential Treatment Facilities,Substance Abuse Rehabilitation Facility,
811,3245S0500X,Residential Treatment Facilities,Substance Abuse Rehabilitation Facility,"Substance Abuse Treatment, Children"
812,385H00000X,Respite Care Facility,Respite Care,
813,385HR2050X,Respite Care Facility,Respite Care,Respite Care Camp
814,385HR2055X,Respite Care Facility,Respite Care,"Respite Care, Mental Illness, Child"
815,385HR2060X,Respite Care Facility,Respite Care,"Respite Care, Intellectual and/or Developmental Disabilities, Child"
816,385HR2065X,Respite Care Facility,Respite Care,"Respite Care, Physical Disabilities, Child"
817,331L00000X,Suppliers,Blood Bank,
818,332100000X,Suppliers,Department of Veterans Affairs (VA) Pharmacy,
819,332B00000X,Suppliers,Durable Medical Equipment & Medical Supplies,
820,332BC3200X,Suppliers,Durable Medical Equipment & Medical Supplies,Customized Equipment
821,332BD1200X,Suppliers,Durable Medical Equipment & Medical Supplies,Dialysis Equipment & Supplies
822,332BN1400X,Suppliers,Durable Medical Equipment & Medical Supplies,Nursing Facility Supplies
823,332BX2000X,Suppliers,Durable Medical Equipment & Medical Supplies,Oxygen Equipment & Supplies
824,332BP3500X,Suppliers,Durable Medical Equipment & Medical Supplies,Parenteral & Enteral Nutrition
825,333300000X,Suppliers,Emergency Response System Companies,
826,332G00000X,Suppliers,Eye Bank,
827,332H00000X,Suppliers,Eyewear Supplier,
828,332S00000X,Suppliers,Hearing Aid Equipment,
829,332U00000X,Suppliers,Home Delivered Meals,
830,332800000X,Suppliers,Indian Health Service/Tribal/Urban Indian Health (I/T/U) Pharmacy,
831,335G00000X,Suppliers,Medical Foods Supplier,
832,332000000X,Suppliers,Military/U.S. Coast Guard Pharmacy,
833,332900000X,Suppliers,Non-Pharmacy Dispensing Site,
834,335U00000X,Suppliers,Organ Procurement Organization,
835,333600000X,Suppliers,Pharmacy,
836,3336C0002X,Suppliers,Pharmacy,Clinic Pharmacy
837,3336C0003X,Suppliers,Pharmacy,Community/Retail Pharmacy
838,3336C0004X,Suppliers,Pharmacy,Compounding Pharmacy
839,3336H0001X,Suppliers,Pharmacy,Home Infusion Therapy Pharmacy
840,3336I0012X,Suppliers,Pharmacy,Institutional Pharmacy
841,3336L0003X,Suppliers,Pharmacy,Long Term Care Pharmacy
842,3336M0002X,Suppliers,Pharmacy,Mail Order Pharmacy
843,3336M0003X,Suppliers,Pharmacy,Managed Care Organization Pharmacy
844,3336N0007X,Suppliers,Pharmacy,Nuclear Pharmacy
845,3336S0011X,Suppliers,Pharmacy,Specialty Pharmacy
846,335V00000X,Suppliers,Portable X-ray and/or Other Portable Diagnostic Imaging Supplier,
847,335E00000X,Suppliers,Prosthetic/Orthotic Supplier,
848,344800000X,Transportation Services,Air Carrier,
849,341600000X,Transportation Services,Ambulance,
850,3416A0800X,Transportation Services,Ambulance,Air Transport
851,3416L0300X,Transportation Services,Ambulance,Land Transport
852,3416S0300X,Transportation Services,Ambulance,Water Transport
853,347B00000X,Transportation Services,Bus,
854,341800000X,Transportation Services,Military/U.S. Coast Guard Transport,
855,3418M1120X,Transportation Services,Military/U.S. Coast Guard Transport,"Military or U.S. Coast Guard Ambulance, Air Transport"
856,3418M1110X,Transportation Services,Military/U.S. Coast Guard Transport,"Military or U.S. Coast Guard Ambulance, Ground Transport"
857,3418M1130X,Transportation Services,Military/U.S. Coast Guard Transport,"Military or U.S. Coast Guard Ambulance, Water Transport"
858,343900000X,Transportation Services,Non-emergency Medical Transport (VAN),
859,347C00000X,Transportation Services,Private Vehicle,
860,343800000X,Transportation Services,Secured Medical Transport (VAN),
861,344600000X,Transportation Services,Taxi,
862,347D00000X,Transportation Services,Train,
863,347E00000X,Transportation Services,Transportation Broker,
864,342000000X,Transportation Services,Transportation Network Company,
